id,word_key,book_key,dict_key,pos,usage,timestamp,lang,tag
CR!3W2YA748K95452TV5P9XFE7SKZJD:AWsEAAB2AAAA:10242:7,叩きこむ,コンビニ人間 (文春文庫),,AWsEAAB2AAAA:10242,ちょうどセールでもあるので、今日はコロッケをたくさん作ろうと、頭に叩きこむ。 　,"September 29, 2024 08:37:09 PM",ja,"['コンビニ人間_(文春文庫)', 'ja']"
CR!3W2YA748K95452TV5P9XFE7SKZJD:AWwEAAArAAAA:10290:5,昼勤,コンビニ人間 (文春文庫),,AWwEAAArAAAA:10290,そんなことをしている間に時間は過ぎ、店には少しずつ、私と同じ９時からアルバイトをする昼勤の人たちが集まってくる。 　,"September 29, 2024 10:10:16 PM",ja,"['コンビニ人間_(文春文庫)', 'ja']"
CR!3W2YA748K95452TV5P9XFE7SKZJD:AW0EAABtAAAA:10414:5,服装,コンビニ人間 (文春文庫),,AW0EAABtAAAA:10414,少し派手な服装で現れ、ロッカーの前でヒールの靴をスニーカーに履きかえている。 ,"September 29, 2024 10:12:33 PM",ja,"['コンビニ人間_(文春文庫)', 'ja']"
CR!3W2YA748K95452TV5P9XFE7SKZJD:AXIEAAAOAAAA:10570:5,発注,コンビニ人間 (文春文庫),,AXIEAAAOAAAA:10570,店長１００個発注しちゃってるよ、やばいなー。,"September 29, 2024 10:14:37 PM",ja,"['コンビニ人間_(文春文庫)', 'ja']"
CR!3W2YA748K95452TV5P9XFE7SKZJD:AXIEAAAnAAAA:10595:5,ぶる,コンビニ人間 (文春文庫),,AXIEAAAnAAAA:10595,とりあえず今日来たぶんだけでも売らないとねー」 「はい！」 　,"September 29, 2024 10:15:09 PM",ja,"['コンビニ人間_(文春文庫)', 'ja']"
CR!3W2YA748K95452TV5P9XFE7SKZJD:AXQEAAAcAAAA:10642:6,同世代,コンビニ人間 (文春文庫),,AXQEAAAcAAAA:10642,アルバイトは圧倒的に学生かフリーターが多いので、自分と同世代の女性と働くことは珍しい。 　,"September 29, 2024 10:15:38 PM",ja,"['コンビニ人間_(文春文庫)', 'ja']"
CR!3W2YA748K95452TV5P9XFE7SKZJD:AXQEAAAHAAAA:10621:6,圧倒的,コンビニ人間 (文春文庫),,AXQEAAAHAAAA:10621,アルバイトは圧倒的に学生かフリーターが多いので、自分と同世代の女性と働くことは珍しい。 　,"September 29, 2024 10:15:52 PM",ja,"['コンビニ人間_(文春文庫)', 'ja']"
CR!3W2YA748K95452TV5P9XFE7SKZJD:AXUEAAAIAAAA:10666:6,纏める,コンビニ人間 (文春文庫),,AXUEAAAIAAAA:10666,泉さんは茶髪を纏め、紺色のカットソーの上から白いシャツを着て、水色のネクタイを締めた。,"September 30, 2024 12:20:49 PM",ja,"['コンビニ人間_(文春文庫)', 'ja']"
CR!3W2YA748K95452TV5P9XFE7SKZJD:AXUEAAAOAAAA:10672:8,カットソー,コンビニ人間 (文春文庫),,AXUEAAAOAAAA:10672,泉さんは茶髪を纏め、紺色のカットソーの上から白いシャツを着て、水色のネクタイを締めた。,"September 30, 2024 12:21:08 PM",ja,"['コンビニ人間_(文春文庫)', 'ja']"
CR!3W2YA748K95452TV5P9XFE7SKZJD:AXUEAAALAAAA:10669:5,紺色,コンビニ人間 (文春文庫),,AXUEAAALAAAA:10669,泉さんは茶髪を纏め、紺色のカットソーの上から白いシャツを着て、水色のネクタイを締めた。,"September 30, 2024 12:21:18 PM",ja,"['コンビニ人間_(文春文庫)', 'ja']"
CR!3W2YA748K95452TV5P9XFE7SKZJD:AXYEAAAlAAAA:10806:7,飛び込む,コンビニ人間 (文春文庫),,AXYEAAAlAAAA:10806,と菅原さんが飛び込んできた。 　,"September 30, 2024 09:33:54 PM",ja,"['コンビニ人間_(文春文庫)', 'ja']"
CR!3W2YA748K95452TV5P9XFE7SKZJD:AXcEAAAhAAAA:10848:7,ボーカル,コンビニ人間 (文春文庫),,AXcEAAAhAAAA:10848,バンドのボーカルをやっているらしく、ベリーショートの髪を本当は赤くしたいのだとぼやいていた。,"September 30, 2024 09:35:35 PM",ja,"['コンビニ人間_(文春文庫)', 'ja']"
CR!3W2YA748K95452TV5P9XFE7SKZJD:AXcEAAAvAAAA:10862:10,ベリーショート,コンビニ人間 (文春文庫),,AXcEAAAvAAAA:10862,バンドのボーカルをやっているらしく、ベリーショートの髪を本当は赤くしたいのだとぼやいていた。,"September 30, 2024 09:36:12 PM",ja,"['コンビニ人間_(文春文庫)', 'ja']"
CR!3W2YA748K95452TV5P9XFE7SKZJD:AXcEAACLAAAA:10954:7,さばさば,コンビニ人間 (文春文庫),,AXcEAACLAAAA:10954,泉さんがさばさばとした調子で上手に叱って教育したおかげで、今では菅原さんも、すっかり真面目で仕事に熱い店員だ。 　,"September 30, 2024 09:38:47 PM",ja,"['コンビニ人間_(文春文庫)', 'ja']"
CR!3W2YA748K95452TV5P9XFE7SKZJD:AXcEAACVAAAA:10964:6,上手い,コンビニ人間 (文春文庫),,AXcEAACVAAAA:10964,泉さんがさばさばとした調子で上手に叱って教育したおかげで、今では菅原さんも、すっかり真面目で仕事に熱い店員だ。 　,"October 01, 2024 08:54:12 AM",ja,"['コンビニ人間_(文春文庫)', 'ja']"
CR!3W2YA748K95452TV5P9XFE7SKZJD:AXcEAACnAAAA:10982:5,菅原,コンビニ人間 (文春文庫),,AXcEAACnAAAA:10982,泉さんがさばさばとした調子で上手に叱って教育したおかげで、今では菅原さんも、すっかり真面目で仕事に熱い店員だ。 　,"October 01, 2024 08:54:50 AM",ja,"['コンビニ人間_(文春文庫)', 'ja']"
CR!3W2YA748K95452TV5P9XFE7SKZJD:AXkEAAAEAAAA:11009:4,他,コンビニ人間 (文春文庫),,AXkEAAAEAAAA:11009,昼勤は他に、ひょろりと背が高い大学生の岩木くんと、就職先が決まってもうすぐ辞めてしまうフリーターの雪下くんがいる。,"October 01, 2024 08:34:51 PM",ja,"['コンビニ人間_(文春文庫)', 'ja']"
CR!3W2YA748K95452TV5P9XFE7SKZJD:AXkEAAAEAAAA:11009:5,他に,コンビニ人間 (文春文庫),,AXkEAAAEAAAA:11009,昼勤は他に、ひょろりと背が高い大学生の岩木くんと、就職先が決まってもうすぐ辞めてしまうフリーターの雪下くんがいる。,"October 01, 2024 08:34:56 PM",ja,"['コンビニ人間_(文春文庫)', 'ja']"
CR!3W2YA748K95452TV5P9XFE7SKZJD:AXkEAAAHAAAA:11012:8,ひょろりと,コンビニ人間 (文春文庫),,AXkEAAAHAAAA:11012,昼勤は他に、ひょろりと背が高い大学生の岩木くんと、就職先が決まってもうすぐ辞めてしまうフリーターの雪下くんがいる。,"October 01, 2024 08:35:07 PM",ja,"['コンビニ人間_(文春文庫)', 'ja']"
CR!3W2YA748K95452TV5P9XFE7SKZJD:AXkEAAAUAAAA:11025:7,岩木くん,コンビニ人間 (文春文庫),,AXkEAAAUAAAA:11025,昼勤は他に、ひょろりと背が高い大学生の岩木くんと、就職先が決まってもうすぐ辞めてしまうフリーターの雪下くんがいる。,"October 01, 2024 08:35:22 PM",ja,"['コンビニ人間_(文春文庫)', 'ja']"
CR!3W2YA748K95452TV5P9XFE7SKZJD:AXkEAAAaAAAA:11031:5,就職,コンビニ人間 (文春文庫),,AXkEAAAaAAAA:11031,昼勤は他に、ひょろりと背が高い大学生の岩木くんと、就職先が決まってもうすぐ辞めてしまうフリーターの雪下くんがいる。,"October 01, 2024 09:05:27 PM",ja,"['コンビニ人間_(文春文庫)', 'ja']"
CR!3W2YA748K95452TV5P9XFE7SKZJD:AXkEAAA/AAAA:11068:5,就活,コンビニ人間 (文春文庫),,AXkEAAA/AAAA:11068,岩木くんも就活で来られない日が増えるというので、店長が夜勤から戻ってくるか、新しい人を昼勤でとるかしないと、店がまわらなくなってしまう。 　,"October 01, 2024 09:05:54 PM",ja,"['コンビニ人間_(文春文庫)', 'ja']"
CR!3W2YA748K95452TV5P9XFE7SKZJD:AXkEAAByAAAA:11119:6,まわる,コンビニ人間 (文春文庫),,AXkEAAByAAAA:11119,岩木くんも就活で来られない日が増えるというので、店長が夜勤から戻ってくるか、新しい人を昼勤でとるかしないと、店がまわらなくなってしまう。 　,"October 01, 2024 09:18:49 PM",ja,"['コンビニ人間_(文春文庫)', 'ja']"
CR!3W2YA748K95452TV5P9XFE7SKZJD:AXoEAAAHAAAA:11138:5,形成,コンビニ人間 (文春文庫),,AXoEAAAHAAAA:11138,今の「私」を形成しているのはほとんど私のそばにいる人たちだ。,"October 01, 2024 09:19:16 PM",ja,"['コンビニ人間_(文春文庫)', 'ja']"
CR!3W2YA748K95452TV5P9XFE7SKZJD:AXoEAABkAAAA:11231:5,吸収,コンビニ人間 (文春文庫),,AXoEAABkAAAA:11231,三割は泉さん、三割は菅原さん、二割は店長、残りは半年前に辞めた佐々木さんや一年前までリーダーだった岡崎くんのような、過去のほかの人たちから吸収したもので構成されている。 　,"October 02, 2024 06:52:26 AM",ja,"['コンビニ人間_(文春文庫)', 'ja']"
CR!3W2YA748K95452TV5P9XFE7SKZJD:AXoEAABrAAAA:11238:5,構成,コンビニ人間 (文春文庫),,AXoEAABrAAAA:11238,三割は泉さん、三割は菅原さん、二割は店長、残りは半年前に辞めた佐々木さんや一年前までリーダーだった岡崎くんのような、過去のほかの人たちから吸収したもので構成されている。 　,"October 02, 2024 06:52:38 AM",ja,"['コンビニ人間_(文春文庫)', 'ja']"
CR!3W2YA748K95452TV5P9XFE7SKZJD:AXwEAAABAAAA:11306:5,大抵,コンビニ人間 (文春文庫),,AXwEAAABAAAA:11306,大抵のひとはそうなのではないかと、私は思っている。,"October 02, 2024 06:53:58 AM",ja,"['コンビニ人間_(文春文庫)', 'ja']"
CR!3W2YA748K95452TV5P9XFE7SKZJD:AXwEAABzAAAA:11420:7,そっくり,コンビニ人間 (文春文庫),,AXwEAABzAAAA:11420,の言い方が泉さんとそっくりになっていた。,"October 02, 2024 06:54:53 AM",ja,"['コンビニ人間_(文春文庫)', 'ja']"
CR!3W2YA748K95452TV5P9XFE7SKZJD:AXwEAAAbAAAA:11332:4,に,コンビニ人間 (文春文庫),,AXwEAAAbAAAA:11332,前に菅原さんのバンド仲間がお店に顔を出したときは、女の子たちは菅原さんと同じような服装と喋り方だったし、佐々木さんは泉さんが入ってきてから、「お疲れさまです！」,"October 02, 2024 06:57:36 AM",ja,"['コンビニ人間_(文春文庫)', 'ja']"
CR!3W2YA748K95452TV5P9XFE7SKZJD:AXwEAAAcAAAA:11333:5,菅原,コンビニ人間 (文春文庫),,AXwEAAAcAAAA:11333,前に菅原さんのバンド仲間がお店に顔を出したときは、女の子たちは菅原さんと同じような服装と喋り方だったし、佐々木さんは泉さんが入ってきてから、「お疲れさまです！」,"October 02, 2024 06:57:43 AM",ja,"['コンビニ人間_(文春文庫)', 'ja']"
CR!3W2YA748K95452TV5P9XFE7SKZJD:AXwEAAB+AAAA:11431:6,泉さん,コンビニ人間 (文春文庫),,AXwEAAB+AAAA:11431,泉さんと前の店で仲が良かったという主婦の女性がヘルプに来たときは、服装があまりに泉さんと似ているので間違えそうになったくらいだ。,"October 02, 2024 06:58:06 AM",ja,"['コンビニ人間_(文春文庫)', 'ja']"
CR!3W2YA748K95452TV5P9XFE7SKZJD:AXwEAADIAAAA:11505:5,伝染,コンビニ人間 (文春文庫),,AXwEAADIAAAA:11505,私の喋り方も、誰かに伝染しているのかもしれない。,"October 02, 2024 08:39:19 PM",ja,"['コンビニ人間_(文春文庫)', 'ja']"
CR!3W2YA748K95452TV5P9XFE7SKZJD:AXwEAACPAAAA:11448:5,主婦,コンビニ人間 (文春文庫),,AXwEAACPAAAA:11448,泉さんと前の店で仲が良かったという主婦の女性がヘルプに来たときは、服装があまりに泉さんと似ているので間違えそうになったくらいだ。,"October 02, 2024 08:39:28 PM",ja,"['コンビニ人間_(文春文庫)', 'ja']"
CR!3W2YA748K95452TV5P9XFE7SKZJD:AXwEAADvAAAA:11544:5,保つ,コンビニ人間 (文春文庫),,AXwEAADvAAAA:11544,こうして伝染し合いながら、私たちは人間であることを保ち続けているのだと思う。 　,"October 02, 2024 08:39:55 PM",ja,"['コンビニ人間_(文春文庫)', 'ja']"
CR!3W2YA748K95452TV5P9XFE7SKZJD:AX0EAAA7AAAA:11616:5,参考,コンビニ人間 (文春文庫),,AX0EAAA7AAAA:11616,働く前の泉さんは少し派手だが三十代女性らしい服装をしているので、履いている靴の名前やロッカーの中のコートのタグを見て参考にしている。,"October 02, 2024 08:41:09 PM",ja,"['コンビニ人間_(文春文庫)', 'ja']"
CR!3W2YA748K95452TV5P9XFE7SKZJD:AX0EAABPAAAA:11636:9,置きっぱなし,コンビニ人間 (文春文庫),,AX0EAABPAAAA:11636,一度だけ、バックルームに置きっぱなしになっていたポーチの中を覗き、化粧品の名前とブランドもメモした。,"October 02, 2024 08:43:45 PM",ja,"['コンビニ人間_(文春文庫)', 'ja']"
CR!3W2YA748K95452TV5P9XFE7SKZJD:AX0EAABbAAAA:11648:6,ポーチ,コンビニ人間 (文春文庫),,AX0EAABbAAAA:11648,一度だけ、バックルームに置きっぱなしになっていたポーチの中を覗き、化粧品の名前とブランドもメモした。,"October 02, 2024 08:44:12 PM",ja,"['コンビニ人間_(文春文庫)', 'ja']"
CR!3W2YA748K95452TV5P9XFE7SKZJD:AX0EAABkAAAA:11657:6,化粧品,コンビニ人間 (文春文庫),,AX0EAABkAAAA:11657,一度だけ、バックルームに置きっぱなしになっていたポーチの中を覗き、化粧品の名前とブランドもメモした。,"October 02, 2024 08:45:55 PM",ja,"['コンビニ人間_(文春文庫)', 'ja']"
CR!3W2YA748K95452TV5P9XFE7SKZJD:AX0EAACEAAAA:11689:6,バレる,コンビニ人間 (文春文庫),,AX0EAACEAAAA:11689,それをそのまま真似してはすぐにバレてしまうので、ブランド名で検索し、そこの服を着ている人がブログで紹介したり、どちらのストールを買おうかな、と名前をあげている他のブランドを着ることにしている。,"October 02, 2024 08:46:23 PM",ja,"['コンビニ人間_(文春文庫)', 'ja']"
CR!3W2YA748K95452TV5P9XFE7SKZJD:AX0EAADkAAAA:11785:5,髪形,コンビニ人間 (文春文庫),,AX0EAADkAAAA:11785,泉さんの服装や持っている小物、髪形などを見ていると、それが正しい三十代女性の見本のように思えてくる。 　,"October 02, 2024 08:47:11 PM",ja,"['コンビニ人間_(文春文庫)', 'ja']"
CR!3W2YA748K95452TV5P9XFE7SKZJD:AX0EAAAhAAAA:11590:6,履いて,コンビニ人間 (文春文庫),,AX0EAAAhAAAA:11590,働く前の泉さんは少し派手だが三十代女性らしい服装をしているので、履いている靴の名前やロッカーの中のコートのタグを見て参考にしている。,"October 02, 2024 08:50:46 PM",ja,"['コンビニ人間_(文春文庫)', 'ja']"
CR!3W2YA748K95452TV5P9XFE7SKZJD:AX0EAACTAAAA:11704:5,検索,コンビニ人間 (文春文庫),,AX0EAACTAAAA:11704,それをそのまま真似してはすぐにバレてしまうので、ブランド名で検索し、そこの服を着ている人がブログで紹介したり、どちらのストールを買おうかな、と名前をあげている他のブランドを着ることにしている。,"October 02, 2024 08:53:50 PM",ja,"['コンビニ人間_(文春文庫)', 'ja']"
CR!3W2YA748K95452TV5P9XFE7SKZJD:AX0EAADhAAAA:11782:5,小物,コンビニ人間 (文春文庫),,AX0EAADhAAAA:11782,泉さんの服装や持っている小物、髪形などを見ていると、それが正しい三十代女性の見本のように思えてくる。 　,"October 02, 2024 09:50:54 PM",ja,"['コンビニ人間_(文春文庫)', 'ja']"
CR!3W2YA748K95452TV5P9XFE7SKZJD:AX0EAAD7AAAA:11808:5,見本,コンビニ人間 (文春文庫),,AX0EAAD7AAAA:11808,泉さんの服装や持っている小物、髪形などを見ていると、それが正しい三十代女性の見本のように思えてくる。 　,"October 02, 2024 09:51:13 PM",ja,"['コンビニ人間_(文春文庫)', 'ja']"
CR!3W2YA748K95452TV5P9XFE7SKZJD:AX0EAAABAQAA:11814:8,思えてくる,コンビニ人間 (文春文庫),,AX0EAAABAQAA:11814,泉さんの服装や持っている小物、髪形などを見ていると、それが正しい三十代女性の見本のように思えてくる。 　,"October 02, 2024 09:51:36 PM",ja,"['コンビニ人間_(文春文庫)', 'ja']"
CR!3W2YA748K95452TV5P9XFE7SKZJD:AX4EAAAYAAAA:11844:8,目を止める,コンビニ人間 (文春文庫),,AX4EAAAYAAAA:11844,泉さんが、ふと、私の履いているバレエシューズに目を止める。 ,"October 02, 2024 09:56:17 PM",ja,"['コンビニ人間_(文春文庫)', 'ja']"
CR!3W2YA748K95452TV5P9XFE7SKZJD:AX8EAAAGAAAA:11856:6,表参道,コンビニ人間 (文春文庫),,AX8EAAAGAAAA:11856,「あ、それ、表参道のお店の靴だよね。,"October 02, 2024 09:56:50 PM",ja,"['コンビニ人間_(文春文庫)', 'ja']"
CR!3W2YA748K95452TV5P9XFE7SKZJD:AX8EAAAfAAAA:11881:6,ブーツ,コンビニ人間 (文春文庫),,AX8EAAAfAAAA:11881,ブーツ持ってるよー」 　泉さんは、バックルームでは少し語尾を伸ばしてだるそうに喋る。 　,"October 02, 2024 09:57:14 PM",ja,"['コンビニ人間_(文春文庫)', 'ja']"
CR!3W2YA748K95452TV5P9XFE7SKZJD:AYAEAAABAAAA:11892:4,泉,コンビニ人間 (文春文庫),,AYAEAAABAAAA:11892,ブーツ持ってるよー」 　泉さんは、バックルームでは少し語尾を伸ばしてだるそうに喋る。 　,"October 02, 2024 09:57:26 PM",ja,"['コンビニ人間_(文春文庫)', 'ja']"
CR!3W2YA748K95452TV5P9XFE7SKZJD:AYAEAAAQAAAA:11907:5,語尾,コンビニ人間 (文春文庫),,AYAEAAAQAAAA:11907,ブーツ持ってるよー」 　泉さんは、バックルームでは少し語尾を伸ばしてだるそうに喋る。 　,"October 02, 2024 09:58:14 PM",ja,"['コンビニ人間_(文春文庫)', 'ja']"
CR!3W2YA748K95452TV5P9XFE7SKZJD:AYEEAAATAAAA:11941:5,隙に,コンビニ人間 (文春文庫),,AYEEAAATAAAA:11941,ここの靴は泉さんがトイレに入っている隙に靴底のブランド名をメモして、お店に出向いて買ったものだ。 ,"October 02, 2024 10:01:41 PM",ja,"['コンビニ人間_(文春文庫)', 'ja']"
CR!3W2YA748K95452TV5P9XFE7SKZJD:AYEEAAATAAAA:11941:4,隙,コンビニ人間 (文春文庫),,AYEEAAATAAAA:11941,ここの靴は泉さんがトイレに入っている隙に靴底のブランド名をメモして、お店に出向いて買ったものだ。 ,"October 02, 2024 10:02:11 PM",ja,"['コンビニ人間_(文春文庫)', 'ja']"
CR!3W2YA748K95452TV5P9XFE7SKZJD:AYEEAAAVAAAA:11943:5,靴底,コンビニ人間 (文春文庫),,AYEEAAAVAAAA:11943,ここの靴は泉さんがトイレに入っている隙に靴底のブランド名をメモして、お店に出向いて買ったものだ。 ,"October 02, 2024 10:04:58 PM",ja,"['コンビニ人間_(文春文庫)', 'ja']"
CR!3W2YA748K95452TV5P9XFE7SKZJD:AYIEAAANAAAA:11984:7,ひょっと,コンビニ人間 (文春文庫),,AYIEAAANAAAA:11984,ひょっとして紺色のやつですよね。,"October 02, 2024 10:07:10 PM",ja,"['コンビニ人間_(文春文庫)', 'ja']"
CR!3W2YA748K95452TV5P9XFE7SKZJD:AYIEAAANAAAA:11984:9,ひょっとして,コンビニ人間 (文春文庫),,AYIEAAANAAAA:11984,ひょっとして紺色のやつですよね。,"October 02, 2024 10:07:18 PM",ja,"['コンビニ人間_(文春文庫)', 'ja']"
CR!3W2YA748K95452TV5P9XFE7SKZJD:AYMEAAAdAAAA:12056:5,口調,コンビニ人間 (文春文庫),,AYMEAAAdAAAA:12056,菅原さんの喋り方をトレースし、少し語尾を大人向きに変えた口調で泉さんに答える。,"October 02, 2024 10:08:21 PM",ja,"['コンビニ人間_(文春文庫)', 'ja']"
CR!3W2YA748K95452TV5P9XFE7SKZJD:AYMEAAAKAAAA:12037:7,トレース,コンビニ人間 (文春文庫),,AYMEAAAKAAAA:12037,菅原さんの喋り方をトレースし、少し語尾を大人向きに変えた口調で泉さんに答える。,"October 02, 2024 10:08:40 PM",ja,"['コンビニ人間_(文春文庫)', 'ja']"
CR!3W2YA748K95452TV5P9XFE7SKZJD:AYMEAAAoAAAA:12067:5,菅原,コンビニ人間 (文春文庫),,AYMEAAAoAAAA:12067,菅原さんはスタッカートのついたような、少し弾んだ喋り方をする。,"October 02, 2024 10:08:59 PM",ja,"['コンビニ人間_(文春文庫)', 'ja']"
CR!3W2YA748K95452TV5P9XFE7SKZJD:AYMEAABMAAAA:12103:6,対照的,コンビニ人間 (文春文庫),,AYMEAABMAAAA:12103,泉さんとは対照的な喋り方だが、二つを織り交ぜながら喋ると不思議とちょうどいい。 ,"October 02, 2024 10:11:52 PM",ja,"['コンビニ人間_(文春文庫)', 'ja']"
CR!3W2YA748K95452TV5P9XFE7SKZJD:AYUEAAAuAAAA:12217:5,相応,コンビニ人間 (文春文庫),,AYUEAAAuAAAA:12217,周りからは私が年相応のバッグを持ち、失礼でも他人行儀でもないちょうどいい距離感の喋り方をする「人間」に見えているのだろう。 ,"October 02, 2024 10:13:20 PM",ja,"['コンビニ人間_(文春文庫)', 'ja']"
CR!3W2YA748K95452TV5P9XFE7SKZJD:AYUEAAAtAAAA:12216:6,年相応,コンビニ人間 (文春文庫),,AYUEAAAtAAAA:12216,周りからは私が年相応のバッグを持ち、失礼でも他人行儀でもないちょうどいい距離感の喋り方をする「人間」に見えているのだろう。 ,"October 02, 2024 10:13:26 PM",ja,"['コンビニ人間_(文春文庫)', 'ja']"
CR!3W2YA748K95452TV5P9XFE7SKZJD:AYUEAAA8AAAA:12231:7,他人行儀,コンビニ人間 (文春文庫),,AYUEAAA8AAAA:12231,周りからは私が年相応のバッグを持ち、失礼でも他人行儀でもないちょうどいい距離感の喋り方をする「人間」に見えているのだろう。 ,"October 02, 2024 10:14:07 PM",ja,"['コンビニ人間_(文春文庫)', 'ja']"
CR!3W2YA748K95452TV5P9XFE7SKZJD:AYYEAAAVAAAA:12291:5,在庫,コンビニ人間 (文春文庫),,AYYEAAAVAAAA:12291,ラーメンの在庫、ぐっちゃぐちゃなんですけどっ！」 　,"October 02, 2024 10:15:32 PM",ja,"['コンビニ人間_(文春文庫)', 'ja']"
CR!3W2YA748K95452TV5P9XFE7SKZJD:AYgEAAAcAAAA:12384:5,無断,コンビニ人間 (文春文庫),,AYgEAAAcAAAA:12384,昼間は大丈夫だったんだけど、夜勤の子が、また無断欠勤だったの。,"October 02, 2024 10:16:52 PM",ja,"['コンビニ人間_(文春文庫)', 'ja']"
CR!3W2YA748K95452TV5P9XFE7SKZJD:AYgEAAAcAAAA:12384:7,無断欠勤,コンビニ人間 (文春文庫),,AYgEAAAcAAAA:12384,昼間は大丈夫だったんだけど、夜勤の子が、また無断欠勤だったの。,"October 02, 2024 10:16:57 PM",ja,"['コンビニ人間_(文春文庫)', 'ja']"
CR!3W2YA748K95452TV5P9XFE7SKZJD:AYoEAAAPAAAA:12459:8,今人手不足,コンビニ人間 (文春文庫),,AYoEAAAPAAAA:12459,今人手不足なのに、信じられない！　,"October 02, 2024 10:18:54 PM",ja,"['コンビニ人間_(文春文庫)', 'ja']"
CR!3W2YA748K95452TV5P9XFE7SKZJD:AYoEAAARAAAA:12461:6,手不足,コンビニ人間 (文春文庫),,AYoEAAARAAAA:12461,今人手不足なのに、信じられない！　,"October 02, 2024 10:18:59 PM",ja,"['コンビニ人間_(文春文庫)', 'ja']"
CR!3W2YA748K95452TV5P9XFE7SKZJD:AYoEAAAlAAAA:12481:7,ガタガタ,コンビニ人間 (文春文庫),,AYoEAAAlAAAA:12481,だから店、ガタガタなんですねっ。,"October 03, 2024 09:10:40 PM",ja,"['コンビニ人間_(文春文庫)', 'ja']"
CR!3W2YA748K95452TV5P9XFE7SKZJD:AYoEAAAzAAAA:12495:5,飲料,コンビニ人間 (文春文庫),,AYoEAAAzAAAA:12495,パック飲料ぜんぜん出てないじゃないですか、朝ピークなのに！」 ,"October 03, 2024 09:11:05 PM",ja,"['コンビニ人間_(文春文庫)', 'ja']"
CR!3W2YA748K95452TV5P9XFE7SKZJD:AYsEAAAbAAAA:12549:8,まわるって,コンビニ人間 (文春文庫),,AYsEAAAbAAAA:12549,店長、やっぱり今週から夜勤にまわるって。,"October 03, 2024 09:15:46 PM",ja,"['コンビニ人間_(文春文庫)', 'ja']"
CR!3W2YA748K95452TV5P9XFE7SKZJD:AYsEAAAYAAAA:12546:5,夜勤,コンビニ人間 (文春文庫),,AYsEAAAYAAAA:12546,店長、やっぱり今週から夜勤にまわるって。,"October 03, 2024 09:16:08 PM",ja,"['コンビニ人間_(文春文庫)', 'ja']"
CR!3W2YA748K95452TV5P9XFE7SKZJD:AYwEAAAAAAAA:12570:5,昼勤,コンビニ人間 (文春文庫),,AYwEAAAAAAAA:12570,今、新人さんしかいないもんね」 「昼勤だって就活で岩木くん抜けるのに！　,"October 03, 2024 09:16:17 PM",ja,"['コンビニ人間_(文春文庫)', 'ja']"
CR!3W2YA748K95452TV5P9XFE7SKZJD:AYwEAAANAAAA:12583:6,抜ける,コンビニ人間 (文春文庫),,AYwEAAANAAAA:12583,今、新人さんしかいないもんね」 「昼勤だって就活で岩木くん抜けるのに！　,"October 03, 2024 09:16:50 PM",ja,"['コンビニ人間_(文春文庫)', 'ja']"
CR!3W2YA748K95452TV5P9XFE7SKZJD:AYwEAAAYAAAA:12594:5,困る,コンビニ人間 (文春文庫),,AYwEAAAYAAAA:12594,ほんと、困りますよね！　,"October 03, 2024 09:59:26 PM",ja,"['コンビニ人間_(文春文庫)', 'ja']"
CR!3W2YA748K95452TV5P9XFE7SKZJD:AY0EAAAEAAAA:12656:5,感情,コンビニ人間 (文春文庫),,AY0EAAAEAAAA:12656,二人が感情豊かに会話をしているのを聞いてると、少し焦りが生まれる。,"October 03, 2024 10:02:20 PM",ja,"['コンビニ人間_(文春文庫)', 'ja']"
CR!3W2YA748K95452TV5P9XFE7SKZJD:AY0EAAAEAAAA:12656:7,感情豊か,コンビニ人間 (文春文庫),,AY0EAAAEAAAA:12656,二人が感情豊かに会話をしているのを聞いてると、少し焦りが生まれる。,"October 03, 2024 10:02:33 PM",ja,"['コンビニ人間_(文春文庫)', 'ja']"
CR!3W2YA748K95452TV5P9XFE7SKZJD:AY0EAAAGAAAA:12658:5,豊か,コンビニ人間 (文春文庫),,AY0EAAAGAAAA:12658,二人が感情豊かに会話をしているのを聞いてると、少し焦りが生まれる。,"October 03, 2024 10:02:38 PM",ja,"['コンビニ人間_(文春文庫)', 'ja']"
CR!3W2YA748K95452TV5P9XFE7SKZJD:AY0EAAAaAAAA:12678:5,焦る,コンビニ人間 (文春文庫),,AY0EAAAaAAAA:12678,二人が感情豊かに会話をしているのを聞いてると、少し焦りが生まれる。,"October 03, 2024 10:02:56 PM",ja,"['コンビニ人間_(文春文庫)', 'ja']"
CR!3W2YA748K95452TV5P9XFE7SKZJD:AY0EAABUAAAA:12736:7,盗み見て,コンビニ人間 (文春文庫),,AY0EAABUAAAA:12736,私は菅原さんの表情を盗み見て、トレーニングのときにそうしたように、顔の同じ場所の筋肉を動かして喋ってみた。 ,"October 03, 2024 10:04:12 PM",ja,"['コンビニ人間_(文春文庫)', 'ja']"
CR!3W2YA748K95452TV5P9XFE7SKZJD:AY4EAAAPAAAA:12794:8,今人手不足,コンビニ人間 (文春文庫),,AY4EAAAPAAAA:12794,今人手不足なのに、信じられないです！」 　,"October 03, 2024 10:05:24 PM",ja,"['コンビニ人間_(文春文庫)', 'ja']"
CR!3W2YA748K95452TV5P9XFE7SKZJD:AY4EAAARAAAA:12796:6,手不足,コンビニ人間 (文春文庫),,AY4EAAARAAAA:12796,今人手不足なのに、信じられないです！」 　,"October 03, 2024 10:05:30 PM",ja,"['コンビニ人間_(文春文庫)', 'ja']"
CR!3W2YA748K95452TV5P9XFE7SKZJD:AZEEAAAaAAAA:12910:8,気が付いた,コンビニ人間 (文春文庫),,AZEEAAAaAAAA:12910,そうだよねー、ほんとあり得ないよー」 　同じことで怒ると、店員の皆がうれしそうな顔をすると気が付いたのは、アルバイトを始めてすぐのことだった。,"October 03, 2024 10:21:18 PM",ja,"['コンビニ人間_(文春文庫)', 'ja']"
CR!3W2YA748K95452TV5P9XFE7SKZJD:AZQEAAAGAAAA:13113:5,する,コンビニ人間 (文春文庫),,AZQEAAAGAAAA:13113,「じゃ、朝礼しようか」 「はーい」 　三人でならんで整列し、朝礼が始まる。,"October 04, 2024 11:00:17 AM",ja,"['コンビニ人間_(文春文庫)', 'ja']"
CR!3W2YA748K95452TV5P9XFE7SKZJD:AZQEAAAEAAAA:13111:5,朝礼,コンビニ人間 (文春文庫),,AZQEAAAEAAAA:13111,「じゃ、朝礼しようか」 「はーい」 　三人でならんで整列し、朝礼が始まる。,"October 04, 2024 11:00:27 AM",ja,"['コンビニ人間_(文春文庫)', 'ja']"
CR!3W2YA748K95452TV5P9XFE7SKZJD:AZYEAAAmAAAA:13161:5,注意,コンビニ人間 (文春文庫),,AZYEAAAmAAAA:13161,連絡ノートを泉さんが開き、今日の目標と注意事項を伝えた。 ,"October 06, 2024 10:47:10 PM",ja,"['コンビニ人間_(文春文庫)', 'ja']"
CR!3W2YA748K95452TV5P9XFE7SKZJD:AZcEAAAwAAAA:13218:9,クレンリネス,コンビニ人間 (文春文庫),,AZcEAAAwAAAA:13218,それと、クレンリネス強化期間です。,"October 06, 2024 10:48:25 PM",ja,"['コンビニ人間_(文春文庫)', 'ja']"
CR!3W2YA748K95452TV5P9XFE7SKZJD:AZcEAABTAAAA:13253:5,付近,コンビニ人間 (文春文庫),,AZcEAABTAAAA:13253,昼の時間は忙しいですが、それでも床、窓、ドア付近はこまめに掃除するようにしましょう。,"October 06, 2024 10:50:24 PM",ja,"['コンビニ人間_(文春文庫)', 'ja']"
CR!3W2YA748K95452TV5P9XFE7SKZJD:AZcEAABWAAAA:13256:6,こまめ,コンビニ人間 (文春文庫),,AZcEAABWAAAA:13256,昼の時間は忙しいですが、それでも床、窓、ドア付近はこまめに掃除するようにしましょう。,"October 06, 2024 10:50:41 PM",ja,"['コンビニ人間_(文春文庫)', 'ja']"
CR!3W2YA748K95452TV5P9XFE7SKZJD:AZcEAACCAAAA:13300:5,唱和,コンビニ人間 (文春文庫),,AZcEAACCAAAA:13300,時間がないから誓いの言葉はいいや、それでは、接客用語を唱和します。『,"October 06, 2024 10:51:29 PM",ja,"['コンビニ人間_(文春文庫)', 'ja']"
CR!3W2YA748K95452TV5P9XFE7SKZJD:AZcEAAB9AAAA:13295:5,接客,コンビニ人間 (文春文庫),,AZcEAAB9AAAA:13295,時間がないから誓いの言葉はいいや、それでは、接客用語を唱和します。『,"October 06, 2024 10:51:34 PM",ja,"['コンビニ人間_(文春文庫)', 'ja']"
CR!3W2YA748K95452TV5P9XFE7SKZJD:AZcEAAB/AAAA:13297:5,用語,コンビニ人間 (文春文庫),,AZcEAAB/AAAA:13297,時間がないから誓いの言葉はいいや、それでは、接客用語を唱和します。『,"October 06, 2024 10:51:40 PM",ja,"['コンビニ人間_(文春文庫)', 'ja']"
CR!3W2YA748K95452TV5P9XFE7SKZJD:AZcEAABuAAAA:13280:5,誓う,コンビニ人間 (文春文庫),,AZcEAABuAAAA:13280,時間がないから誓いの言葉はいいや、それでは、接客用語を唱和します。『,"October 06, 2024 10:51:45 PM",ja,"['コンビニ人間_(文春文庫)', 'ja']"
CR!3W2YA748K95452TV5P9XFE7SKZJD:AZ0EAAAsAAAA:13430:5,ずつ,コンビニ人間 (文春文庫),,AZ0EAAAsAAAA:13430,と言いながら、一人ずつドアの外へ出ていく。,"October 07, 2024 08:22:57 PM",ja,"['コンビニ人間_(文春文庫)', 'ja']"
CR!3W2YA748K95452TV5P9XFE7SKZJD:AaAEAAASAAAA:13544:5,教会,コンビニ人間 (文春文庫),,AaAEAAASAAAA:13544,外から人が入ってくるチャイム音が、教会の鐘の音に聞こえる。,"October 07, 2024 08:23:25 PM",ja,"['コンビニ人間_(文春文庫)', 'ja']"
CR!3W2YA748K95452TV5P9XFE7SKZJD:AaAEAAAVAAAA:13547:4,鐘,コンビニ人間 (文春文庫),,AaAEAAAVAAAA:13547,外から人が入ってくるチャイム音が、教会の鐘の音に聞こえる。,"October 10, 2024 09:20:08 PM",ja,"['コンビニ人間_(文春文庫)', 'ja']"
CR!3W2YA748K95452TV5P9XFE7SKZJD:AaAEAAAmAAAA:13564:6,光の箱,コンビニ人間 (文春文庫),,AaAEAAAmAAAA:13564,ドアをあければ、光の箱が私を待っている。,"October 10, 2024 09:32:19 PM",ja,"['コンビニ人間_(文春文庫)', 'ja']"
CR!3W2YA748K95452TV5P9XFE7SKZJD:AaAEAAA1AAAA:13579:5,回転,コンビニ人間 (文春文庫),,AaAEAAA1AAAA:13579,いつも回転し続ける、ゆるぎない正常な世界。,"October 10, 2024 09:33:29 PM",ja,"['コンビニ人間_(文春文庫)', 'ja']"
CR!3W2YA748K95452TV5P9XFE7SKZJD:AaAEAAA8AAAA:13586:6,ゆるぐ,コンビニ人間 (文春文庫),,AaAEAAA8AAAA:13586,いつも回転し続ける、ゆるぎない正常な世界。,"October 10, 2024 09:40:53 PM",ja,"['コンビニ人間_(文春文庫)', 'ja']"
CR!3W2YA748K95452TV5P9XFE7SKZJD:AaEEAAARAAAA:13637:5,平日,コンビニ人間 (文春文庫),,AaEEAAARAAAA:13637,私は金曜日と日曜日が休みなので、平日の金曜日、結婚して地元で暮らしている友達に会いに行くことがある。 　,"October 10, 2024 09:42:00 PM",ja,"['コンビニ人間_(文春文庫)', 'ja']"
CR!3W2YA748K95452TV5P9XFE7SKZJD:AaEEAAAcAAAA:13648:5,地元,コンビニ人間 (文春文庫),,AaEEAAAcAAAA:13648,私は金曜日と日曜日が休みなので、平日の金曜日、結婚して地元で暮らしている友達に会いに行くことがある。 　,"October 10, 2024 09:42:27 PM",ja,"['コンビニ人間_(文春文庫)', 'ja']"
CR!3W2YA748K95452TV5P9XFE7SKZJD:AaIEAAAyAAAA:13721:6,同窓会,コンビニ人間 (文春文庫),,AaIEAAAyAAAA:13721,学生時代は「黙る」ことに専念していたのでほとんど友達はいなかったが、アルバイトを始めてから行われた同窓会で旧友と再会してからは地元に友達ができた。 ,"October 10, 2024 11:17:59 PM",ja,"['コンビニ人間_(文春文庫)', 'ja']"
CR!3W2YA748K95452TV5P9XFE7SKZJD:AaIEAAANAAAA:13684:5,専念,コンビニ人間 (文春文庫),,AaIEAAANAAAA:13684,学生時代は「黙る」ことに専念していたのでほとんど友達はいなかったが、アルバイトを始めてから行われた同窓会で旧友と再会してからは地元に友達ができた。 ,"October 10, 2024 11:18:17 PM",ja,"['コンビニ人間_(文春文庫)', 'ja']"
CR!3W2YA748K95452TV5P9XFE7SKZJD:AaIEAAA2AAAA:13725:5,旧友,コンビニ人間 (文春文庫),,AaIEAAA2AAAA:13725,学生時代は「黙る」ことに専念していたのでほとんど友達はいなかったが、アルバイトを始めてから行われた同窓会で旧友と再会してからは地元に友達ができた。 ,"October 10, 2024 11:18:49 PM",ja,"['コンビニ人間_(文春文庫)', 'ja']"
CR!3W2YA748K95452TV5P9XFE7SKZJD:AaQEAAAhAAAA:13804:8,盛り上がる,コンビニ人間 (文春文庫),,AaQEAAAhAAAA:13804,明るく声をかけてきたミホと、持っているバッグが色違いだという話で盛り上がり、今度一緒に買い物に行こうと、メールアドレスを交換した。,"October 10, 2024 11:20:55 PM",ja,"['コンビニ人間_(文春文庫)', 'ja']"
CR!3W2YA748K95452TV5P9XFE7SKZJD:AaUEAAAPAAAA:13884:5,中古,コンビニ人間 (文春文庫),,AaUEAAAPAAAA:13884,ミホは、今では結婚して地元に中古の一戸建てを買っていて、そこに友達がよく集まっている。,"October 10, 2024 11:21:41 PM",ja,"['コンビニ人間_(文春文庫)', 'ja']"
CR!3W2YA748K95452TV5P9XFE7SKZJD:AaUEAAASAAAA:13887:7,一戸建て,コンビニ人間 (文春文庫),,AaUEAAASAAAA:13887,ミホは、今では結婚して地元に中古の一戸建てを買っていて、そこに友達がよく集まっている。,"October 10, 2024 11:22:00 PM",ja,"['コンビニ人間_(文春文庫)', 'ja']"
CR!3W2YA748K95452TV5P9XFE7SKZJD:AaUEAAA3AAAA:13924:5,億劫,コンビニ人間 (文春文庫),,AaUEAAA3AAAA:13924,明日もアルバイトなので億劫に思う時もあるが、コンビニ以外の世界との唯一の接点であり、同い年の「普通の三十代女性」と交流する貴重な機会なので、ミホの誘いにはなるべく応じるようにしている。,"October 10, 2024 11:24:01 PM",ja,"['コンビニ人間_(文春文庫)', 'ja']"
CR!3W2YA748K95452TV5P9XFE7SKZJD:AaUEAABlAAAA:13970:5,交流,コンビニ人間 (文春文庫),,AaUEAABlAAAA:13970,明日もアルバイトなので億劫に思う時もあるが、コンビニ以外の世界との唯一の接点であり、同い年の「普通の三十代女性」と交流する貴重な機会なので、ミホの誘いにはなるべく応じるようにしている。,"October 10, 2024 11:24:35 PM",ja,"['コンビニ人間_(文春文庫)', 'ja']"
CR!3W2YA748K95452TV5P9XFE7SKZJD:AaYEAAASAAAA:14096:7,しばらく,コンビニ人間 (文春文庫),,AaYEAAASAAAA:14096,子連れのユカリは旦那の仕事の関係でしばらく地元を離れていたので、会うのは久しぶりだった。,"October 12, 2024 11:24:44 PM",ja,"['コンビニ人間_(文春文庫)', 'ja']"
CR!3W2YA748K95452TV5P9XFE7SKZJD:AaYEAAABAAAA:14079:6,子連れ,コンビニ人間 (文春文庫),,AaYEAAABAAAA:14079,子連れのユカリは旦那の仕事の関係でしばらく地元を離れていたので、会うのは久しぶりだった。,"October 12, 2024 11:25:10 PM",ja,"['コンビニ人間_(文春文庫)', 'ja']"
CR!3W2YA748K95452TV5P9XFE7SKZJD:AaYEAABWAAAA:14164:5,連呼,コンビニ人間 (文春文庫),,AaYEAABWAAAA:14164,駅前のショッピングモールで買ったケーキを食べながら、皆の顔を見て懐かしい懐かしいと連呼するユカリに皆が笑った。 ,"October 12, 2024 11:27:05 PM",ja,"['コンビニ人間_(文春文庫)', 'ja']"
CR!3W2YA748K95452TV5P9XFE7SKZJD:AacEAAAFAAAA:14183:5,地元,コンビニ人間 (文春文庫),,AacEAAAFAAAA:14183,「やっぱり地元はいいなあ。,"October 12, 2024 11:27:34 PM",ja,"['コンビニ人間_(文春文庫)', 'ja']"
CR!3W2YA748K95452TV5P9XFE7SKZJD:AacEAAANAAAA:14191:5,恵子,コンビニ人間 (文春文庫),,AacEAAANAAAA:14191,恵子と前に会ったのって、私が結婚したばかりの頃だったよね」 「うん、そうそう。,"October 12, 2024 11:28:01 PM",ja,"['コンビニ人間_(文春文庫)', 'ja']"
CR!3W2YA748K95452TV5P9XFE7SKZJD:AagEAAAQAAAA:14236:6,お祝い,コンビニ人間 (文春文庫),,AagEAAAQAAAA:14236,あの時は、皆でお祝いして、もっと大人数でバーベキューしたんだよねー。,"October 12, 2024 11:29:00 PM",ja,"['コンビニ人間_(文春文庫)', 'ja']"
CR!3W2YA748K95452TV5P9XFE7SKZJD:AasEAAABAAAA:14312:5,感情,コンビニ人間 (文春文庫),,AasEAAABAAAA:14312,「なんか恵子、変わったね」 　感情豊かに喋る私をユカリが見つめる。 ,"October 12, 2024 11:29:59 PM",ja,"['コンビニ人間_(文春文庫)', 'ja']"
CR!3W2YA748K95452TV5P9XFE7SKZJD:AasEAAADAAAA:14314:5,豊か,コンビニ人間 (文春文庫),,AasEAAADAAAA:14314,「なんか恵子、変わったね」 　感情豊かに喋る私をユカリが見つめる。 ,"October 12, 2024 11:30:04 PM",ja,"['コンビニ人間_(文春文庫)', 'ja']"
CR!3W2YA748K95452TV5P9XFE7SKZJD:AasEAAADAAAA:14314:6,豊かに,コンビニ人間 (文春文庫),,AasEAAADAAAA:14314,「なんか恵子、変わったね」 　感情豊かに喋る私をユカリが見つめる。 ,"October 12, 2024 11:30:19 PM",ja,"['コンビニ人間_(文春文庫)', 'ja']"
CR!3W2YA748K95452TV5P9XFE7SKZJD:AawEAAAHAAAA:14337:5,天然,コンビニ人間 (文春文庫),,AawEAAAHAAAA:14337,「前はもっと、天然っぽい喋り方じゃなかった？　,"October 15, 2024 09:22:04 PM",ja,"['コンビニ人間_(文春文庫)', 'ja']"
CR!3W2YA748K95452TV5P9XFE7SKZJD:AawEAAAXAAAA:14353:5,髪形,コンビニ人間 (文春文庫),,AawEAAAXAAAA:14353,髪形のせいかな、雰囲気違って見える」 「えー、そう？　,"October 15, 2024 09:23:37 PM",ja,"['コンビニ人間_(文春文庫)', 'ja']"
CR!3W2YA748K95452TV5P9XFE7SKZJD:Aa4EAAAGAAAA:14412:7,かしげる,コンビニ人間 (文春文庫),,Aa4EAAAGAAAA:14412,よく会ってるからかな、ぜんぜん変わんない気がするけど」 　ミホは首をかしげたが、それはそうだと私は思った。,"October 15, 2024 09:23:56 PM",ja,"['コンビニ人間_(文春文庫)', 'ja']"
CR!3W2YA748K95452TV5P9XFE7SKZJD:Aa4EAAAfAAAA:14437:5,摂取,コンビニ人間 (文春文庫),,Aa4EAAAfAAAA:14437,だって、私の摂取する「世界」は入れ替わっているのだから。,"October 16, 2024 10:40:34 PM",ja,"['コンビニ人間_(文春文庫)', 'ja']"
CR!3W2YA748K95452TV5P9XFE7SKZJD:Aa4EAABsAAAA:14514:5,形成,コンビニ人間 (文春文庫),,Aa4EAABsAAAA:14514,前に友達と会ったとき身体の中にあった水が、今はもうほとんどなくなっていて、違う水に入れ替わっているように、私を形成するものが変化している。 　,"October 16, 2024 10:41:49 PM",ja,"['コンビニ人間_(文春文庫)', 'ja']"
CR!3W2YA748K95452TV5P9XFE7SKZJD:Aa8EAAASAAAA:14546:7,のんびり,コンビニ人間 (文春文庫),,Aa8EAAASAAAA:14546,数年前に会ったときは、アルバイトはのんびりした大学生が多くて、私の喋り方は今とは全然違ったと思う。 ,"October 16, 2024 10:43:19 PM",ja,"['コンビニ人間_(文春文庫)', 'ja']"
CR!3W2YA748K95452TV5P9XFE7SKZJD:AbEEAAAEAAAA:14598:6,せずに,コンビニ人間 (文春文庫),,AbEEAAAEAAAA:14598,変わってるかなー」 　説明はせずに、私は笑ってみせた。 ,"October 16, 2024 10:44:51 PM",ja,"['コンビニ人間_(文春文庫)', 'ja']"
CR!3W2YA748K95452TV5P9XFE7SKZJD:AbEEAAANAAAA:14607:6,みせた,コンビニ人間 (文春文庫),,AbEEAAANAAAA:14607,変わってるかなー」 　説明はせずに、私は笑ってみせた。 ,"October 16, 2024 10:45:28 PM",ja,"['コンビニ人間_(文春文庫)', 'ja']"
CR!3W2YA748K95452TV5P9XFE7SKZJD:AbIEAAAfAAAA:14642:8,ナチュラル,コンビニ人間 (文春文庫),,AbIEAAAfAAAA:14642,前はもっとナチュラルっぽかった気がする」 「あー、それはそうかもね。,"October 16, 2024 10:46:09 PM",ja,"['コンビニ人間_(文春文庫)', 'ja']"
CR!3W2YA748K95452TV5P9XFE7SKZJD:AbMEAAAnAAAA:14696:5,試着,コンビニ人間 (文春文庫),,AbMEAAAnAAAA:14696,私も色違い、試着したよー、可愛いよね」 「うん、最近、ここの服ばっかり着てる」 　身に付けている洋服も、発する言葉のリズムも変わってしまった私が笑っている。,"October 16, 2024 10:46:55 PM",ja,"['コンビニ人間_(文春文庫)', 'ja']"
CR!3W2YA748K95452TV5P9XFE7SKZJD:AbMEAAAQAAAA:14673:6,表参道,コンビニ人間 (文春文庫),,AbMEAAAQAAAA:14673,それ、表参道のお店のスカートじゃない？　,"October 16, 2024 10:47:01 PM",ja,"['コンビニ人間_(文春文庫)', 'ja']"
CR!3W2YA748K95452TV5P9XFE7SKZJD:AbUEAAAIAAAA:14736:5,洋服,コンビニ人間 (文春文庫),,AbUEAAAIAAAA:14736,私も色違い、試着したよー、可愛いよね」 「うん、最近、ここの服ばっかり着てる」 　身に付けている洋服も、発する言葉のリズムも変わってしまった私が笑っている。,"October 16, 2024 10:47:27 PM",ja,"['コンビニ人間_(文春文庫)', 'ja']"
CR!3W2YA748K95452TV5P9XFE7SKZJD:AbUEAABGAAAA:14798:5,連発,コンビニ人間 (文春文庫),,AbUEAABGAAAA:14798,それでも「懐かしい」という言葉を連発しながら、ユカリは私に笑いかけ続ける。 　,"October 17, 2024 06:56:12 PM",ja,"['コンビニ人間_(文春文庫)', 'ja']"
CR!3W2YA748K95452TV5P9XFE7SKZJD:AbYEAAALAAAA:14830:5,頻繁,コンビニ人間 (文春文庫),,AbYEAAALAAAA:14830,ミホとサツキは地元で頻繁に会っているせいか、そっくりな表情と喋り方をしている。,"October 17, 2024 06:56:46 PM",ja,"['コンビニ人間_(文春文庫)', 'ja']"
CR!3W2YA748K95452TV5P9XFE7SKZJD:AbYEAAAcAAAA:14847:5,表情,コンビニ人間 (文春文庫),,AbYEAAAcAAAA:14847,ミホとサツキは地元で頻繁に会っているせいか、そっくりな表情と喋り方をしている。,"October 17, 2024 06:57:30 PM",ja,"['コンビニ人間_(文春文庫)', 'ja']"
CR!3W2YA748K95452TV5P9XFE7SKZJD:AbYEAAAXAAAA:14842:7,そっくり,コンビニ人間 (文春文庫),,AbYEAAAXAAAA:14842,ミホとサツキは地元で頻繁に会っているせいか、そっくりな表情と喋り方をしている。,"October 17, 2024 06:57:35 PM",ja,"['コンビニ人間_(文春文庫)', 'ja']"
CR!3W2YA748K95452TV5P9XFE7SKZJD:AbYEAAA7AAAA:14878:6,ネイル,コンビニ人間 (文春文庫),,AbYEAAA7AAAA:14878,特にお菓子の食べ方が似ていて、二人ともネイルを施した手でクッキーを小さく割りながら口に運んでいる。,"October 17, 2024 06:58:53 PM",ja,"['コンビニ人間_(文春文庫)', 'ja']"
CR!3W2YA748K95452TV5P9XFE7SKZJD:AbYEAAA/AAAA:14882:5,施す,コンビニ人間 (文春文庫),,AbYEAAA/AAAA:14882,特にお菓子の食べ方が似ていて、二人ともネイルを施した手でクッキーを小さく割りながら口に運んでいる。,"October 17, 2024 06:59:00 PM",ja,"['コンビニ人間_(文春文庫)', 'ja']"
CR!3W2YA748K95452TV5P9XFE7SKZJD:AbYEAABzAAAA:14934:5,曖昧,コンビニ人間 (文春文庫),,AbYEAABzAAAA:14934,前からそうだったろうか、と思いだそうとするが、記憶が曖昧だ。,"October 17, 2024 06:59:33 PM",ja,"['コンビニ人間_(文春文庫)', 'ja']"
CR!3W2YA748K95452TV5P9XFE7SKZJD:AbYEAACFAAAA:14952:4,癖,コンビニ人間 (文春文庫),,AbYEAACFAAAA:14952,前に会ったときの二人の小さな癖や仕草は、もうどこかへ流れ出て行ってしまったのかもしれないとも思う。 ,"October 17, 2024 10:56:31 PM",ja,"['コンビニ人間_(文春文庫)', 'ja']"
CR!3W2YA748K95452TV5P9XFE7SKZJD:AbYEAACHAAAA:14954:5,仕草,コンビニ人間 (文春文庫),,AbYEAACHAAAA:14954,前に会ったときの二人の小さな癖や仕草は、もうどこかへ流れ出て行ってしまったのかもしれないとも思う。 ,"October 17, 2024 10:56:37 PM",ja,"['コンビニ人間_(文春文庫)', 'ja']"
CR!3W2YA748K95452TV5P9XFE7SKZJD:AbcEAAARAAAA:15004:7,せっかく,コンビニ人間 (文春文庫),,AbcEAAARAAAA:15004,せっかくユカリも地元に帰ってきたんだし、シホとかにも声かけてさー」 「うんうん、いいね、やろうよー」 　ミホの提案に皆が身を乗り出す。 ,"October 17, 2024 10:57:20 PM",ja,"['コンビニ人間_(文春文庫)', 'ja']"
CR!3W2YA748K95452TV5P9XFE7SKZJD:AbcEAAAlAAAA:15024:5,シホ,コンビニ人間 (文春文庫),,AbcEAAAlAAAA:15024,せっかくユカリも地元に帰ってきたんだし、シホとかにも声かけてさー」 「うんうん、いいね、やろうよー」 　ミホの提案に皆が身を乗り出す。 ,"October 17, 2024 10:58:05 PM",ja,"['コンビニ人間_(文春文庫)', 'ja']"
CR!3W2YA748K95452TV5P9XFE7SKZJD:AbkEAAAEAAAA:15057:5,提案,コンビニ人間 (文春文庫),,AbkEAAAEAAAA:15057,せっかくユカリも地元に帰ってきたんだし、シホとかにも声かけてさー」 「うんうん、いいね、やろうよー」 　ミホの提案に皆が身を乗り出す。 ,"October 17, 2024 10:58:46 PM",ja,"['コンビニ人間_(文春文庫)', 'ja']"
CR!3W2YA748K95452TV5P9XFE7SKZJD:Ab8EAAAdAAAA:15226:5,妊活,コンビニ人間 (文春文庫),,Ab8EAAAdAAAA:15226,自然に任せてるけど、そろそろ妊活しようかなって。,"October 17, 2024 11:04:53 PM",ja,"['コンビニ人間_(文春文庫)', 'ja']"
CR!3W2YA748K95452TV5P9XFE7SKZJD:Ab8EAAASAAAA:15215:7,任せてる,コンビニ人間 (文春文庫),,Ab8EAAASAAAA:15215,自然に任せてるけど、そろそろ妊活しようかなって。,"October 17, 2024 11:05:05 PM",ja,"['コンビニ人間_(文春文庫)', 'ja']"
CR!3W2YA748K95452TV5P9XFE7SKZJD:AcEEAAAHAAAA:15265:7,ぐっすり,コンビニ人間 (文春文庫),,AcEEAAAHAAAA:15265,ぐっすりと眠るミホの子供を見つめるサツキを見ていると、二人の子宮も共鳴しあっているような気持ちになる。 　,"October 17, 2024 11:06:05 PM",ja,"['コンビニ人間_(文春文庫)', 'ja']"
CR!3W2YA748K95452TV5P9XFE7SKZJD:AcEEAAAlAAAA:15295:5,子宮,コンビニ人間 (文春文庫),,AcEEAAAlAAAA:15295,ぐっすりと眠るミホの子供を見つめるサツキを見ていると、二人の子宮も共鳴しあっているような気持ちになる。 　,"October 17, 2024 11:06:32 PM",ja,"['コンビニ人間_(文春文庫)', 'ja']"
CR!3W2YA748K95452TV5P9XFE7SKZJD:AcEEAAAoAAAA:15298:5,共鳴,コンビニ人間 (文春文庫),,AcEEAAAoAAAA:15298,ぐっすりと眠るミホの子供を見つめるサツキを見ていると、二人の子宮も共鳴しあっているような気持ちになる。 　,"October 17, 2024 11:07:34 PM",ja,"['コンビニ人間_(文春文庫)', 'ja']"
CR!3W2YA748K95452TV5P9XFE7SKZJD:AcYEAABUAAAA:15471:7,誤魔化す,コンビニ人間 (文春文庫),,AcYEAABUAAAA:15471,それでも事実を知っているミホたちの前で誤魔化すのも憚られて、私は頷いた。 ,"October 17, 2024 11:09:34 PM",ja,"['コンビニ人間_(文春文庫)', 'ja']"
CR!3W2YA748K95452TV5P9XFE7SKZJD:AcoEAAASAAAA:15580:5,持病,コンビニ人間 (文春文庫),,AcoEAAASAAAA:15580,私は地元の友達と会うときには、少し持病があって身体が弱いからアルバイトをしていることになっている。,"October 17, 2024 11:10:53 PM",ja,"['コンビニ人間_(文春文庫)', 'ja']"
CR!3W2YA748K95452TV5P9XFE7SKZJD:AcoEAABWAAAA:15648:5,種類,コンビニ人間 (文春文庫),,AcoEAABWAAAA:15648,二種類の言い訳は妹が考えてくれた。 　,"October 18, 2024 06:45:03 AM",ja,"['コンビニ人間_(文春文庫)', 'ja']"
